nom,pc,insee
LIBRAIRIE LUDIBULLE,44000,44109
LIBRAIRIE SILOE LIS,44000,44109
LIBRAIRIE GEOTHEQUE,44000,44109
LIBRAIRIE DU MUSEE DES BEAUX ARTS,44000,44109
LIBRAIRIE FRANCE LOISIRS,44000,44109
LIBRAIRIE LA MYSTERIEUSE LIBRAIRIE NANTAISE,44000,44109
LIBRAIRIE DU CHÃ‚TEAU DES DUCS DE BRETAGNE,44000,44109
LIBRAIRIE LA DIFFERENCE,44000,44109
LIBRAIRIE L'AUTRE RIVE,44000,44109
LIBRAIRIE LES ENFANTS TERRIBLES,44000,44109
LIBRAIRIE L'ART EN BULLES,44000,44109
LIBRAIRIE COIFFARD,44000,44109
LIBRAIRIE DU GRAND T,44000,44109
LIBRAIRIE POLYGLOT,44000,44109
LIBRAIRIE SILOE 44,44000,44109
LIBRAIRIE LIVRES COMME L'AIR,44000,44109
LIBRAIRIE VENT D'OUEST,44000,44109
LIBRAIRIE STORY BD,44000,44109
LIBRAIRIE L'ATALANTE,44000,44109
LIBRAIRIE ALADIN,44000,44109
LIBRAIRIE OTAKU NERA DERA,44000,44109
LIBRAIRIE FNAC,44000,72181
LIBRAIRIE FNAC,44000,44109
LIBRAIRIE FNAC,44000,49007
LIBRAIRIE DOBREE,44000,44109
LIBRAIRIE A PLEIN REVES,44000,44109
LIBRAIRIE MEDICALE ET SCIENTIFIQUE,44000,44109
LIBRAIRIE DURANCE,44000,44109
LIBRAIRIE L'ESPRIT DU TEMPS,44000,44109
LIBRAIRIE LES NUITS BLANCHES,44000,44109
LIBRAIRIE ETOILE POLAR,44000,44109
LIBRAIRIE VENT D'OUEST - LIEU UNIQUE,44000,44109
LIBRAIRIE FRANKLIN,44000,44109
LIBRAIRIE FNAC,72000,44109
LIBRAIRIE FNAC,49100,44109
